Model,Det@5FA,Det@10FA,Det@15FA,Screen det % (synth thr),FA % (synth thr),Prec,Rec,F1,Oracle det %,mAP@50 (synth),mAP@50:95 (synth),ms,FPS,Params M (fused),GFLOPs,Size MB,Epochs run,Best epoch,Train min
YOLOv8s,73.4,82.4,85.3,74.4,5.8,0.870,0.744,0.802,81.9,0.536,0.346,10.1,99.2,11.13,28.4,22.5,150,124,38.0
YOLOv11s,77.8,84.8,87.6,79.1,5.4,0.884,0.791,0.835,84.2,0.541,0.369,10.9,91.7,9.41,21.3,19.2,150,144,39.9
YOLOv8s+CBAM,55.3,70.5,77.8,52.2,4.2,0.867,0.522,0.652,83.0,0.526,0.346,9.8,101.9,11.47,28.4,23.2,150,111,46.0
YOLOv11s+CBAM,49.4,68.5,76.7,47.0,3.6,0.871,0.470,0.611,74.2,0.556,0.365,10.3,97.0,9.76,21.3,19.9,150,91,50.5
ResNet18+FPN+CBAM,68.2,81.9,86.8,78.5,8.2,0.833,0.785,0.808,81.7,0.527,0.328,10.9,91.8,14.05,46.7,28.3,150,145,52.7
ResNet18+BiFPN+CBAM,58.9,73.9,80.4,58.9,5.1,0.857,0.589,0.698,85.5,0.554,0.340,10.8,93.0,13.30,38.9,26.9,150,91,57.1
GoogLeNet+FPN+CBAM,59.4,75.5,79.8,60.5,5.2,0.857,0.605,0.709,76.0,0.525,0.310,12.0,83.6,8.66,42.5,17.6,150,48,73.0
GoogLeNet+BiFPN+CBAM,57.4,69.3,77.5,44.2,2.9,0.886,0.442,0.590,86.1,0.566,0.340,12.7,78.6,7.91,34.7,16.2,150,72,64.0
EfficientNet+FPN+CBAM,59.7,76.5,81.7,54.5,3.9,0.879,0.545,0.673,78.5,0.558,0.350,12.5,80.1,6.82,23.5,14.1,150,84,73.3
EfficientNet+BiFPN+CBAM,64.9,76.7,82.7,48.8,2.8,0.900,0.488,0.633,78.5,0.578,0.364,14.0,71.6,6.08,15.7,12.6,150,72,155.8
YOLOv11s+BiFPN+CBAM,46.5,66.4,74.7,34.1,2.8,0.863,0.341,0.489,74.2,0.533,0.342,11.4,87.6,6.80,17.0,14.0,150,106,50.7
Ensemble,76.0,86.6,89.9,55.8,1.3,0.956,0.558,0.705,83.0,-,-,128.7,7.8,105.39,-,214.5,-,-,-
